id,first_name,last_name,username,email,avatar,gender,date_of_birth
4885,Joshua,Schamberger,joshua.schamberger,joshua.schamberger@email.com,https://robohash.org/quimollitianeque.png?size=300x300&set=set1,Female,1981-09-02
7878,Dallas,Rohan,dallas.rohan,dallas.rohan@email.com,https://robohash.org/consecteturmolestiaequi.png?size=300x300&set=set1,Genderqueer,1977-12-06
9014,Elvin,Stracke,elvin.stracke,elvin.stracke@email.com,https://robohash.org/enimpariatursit.png?size=300x300&set=set1,Agender,1980-04-12
5096,Alda,McDermott,alda.mcdermott,alda.mcdermott@email.com,https://robohash.org/aliquidreiciendisharum.png?size=300x300&set=set1,Female,1983-02-03
9070,Luanne,Schmeler,luanne.schmeler,luanne.schmeler@email.com,https://robohash.org/illumreprehenderitsunt.png?size=300x300&set=set1,Genderfluid,1965-04-14
2564,Daron,Waelchi,daron.waelchi,daron.waelchi@email.com,https://robohash.org/doloremnequemollitia.png?size=300x300&set=set1,Polygender,1991-07-23
1727,Neil,Barton,neil.barton,neil.barton@email.com,https://robohash.org/rerumtemporibusfacere.png?size=300x300&set=set1,Male,1983-02-20
3969,Clarita,McKenzie,clarita.mckenzie,clarita.mckenzie@email.com,https://robohash.org/eaatex.png?size=300x300&set=set1,Female,1993-03-21
2185,Daren,Johns,daren.johns,daren.johns@email.com,https://robohash.org/facerererumet.png?size=300x300&set=set1,Agender,1994-07-27
5094,Shirlene,Torp,shirlene.torp,shirlene.torp@email.com,https://robohash.org/quodreprehenderitsint.png?size=300x300&set=set1,Non-binary,1970-11-26
817,Jerry,Jones,jerry.jones,jerry.jones@email.com,https://robohash.org/ducimusquiasunt.png?size=300x300&set=set1,Male,1984-01-22
5806,Luke,Mosciski,luke.mosciski,luke.mosciski@email.com,https://robohash.org/nemoutveritatis.png?size=300x300&set=set1,Genderfluid,1966-04-24
5981,Curt,Runolfsson,curt.runolfsson,curt.runolfsson@email.com,https://robohash.org/fugiattemporibusdolor.png?size=300x300&set=set1,Bigender,1969-06-22
4387,Guillermo,Heidenreich,guillermo.heidenreich,guillermo.heidenreich@email.com,https://robohash.org/voluptatemrepellendusut.png?size=300x300&set=set1,Male,1983-11-02
4302,Felix,Koch,felix.koch,felix.koch@email.com,https://robohash.org/aperiamconsequaturin.png?size=300x300&set=set1,Female,1967-07-25
3962,Luciano,Johnson,luciano.johnson,luciano.johnson@email.com,https://robohash.org/atasperioresdolores.png?size=300x300&set=set1,Bigender,1998-11-22
2102,Bronwyn,Steuber,bronwyn.steuber,bronwyn.steuber@email.com,https://robohash.org/etiustoporro.png?size=300x300&set=set1,Polygender,1995-02-22
6897,Elliot,Lowe,elliot.lowe,elliot.lowe@email.com,https://robohash.org/veritatisautdolorum.png?size=300x300&set=set1,Agender,1976-06-23
9766,Filiberto,Jaskolski,filiberto.jaskolski,filiberto.jaskolski@email.com,https://robohash.org/estveroet.png?size=300x300&set=set1,Male,1990-08-17
5383,Vergie,Renner,vergie.renner,vergie.renner@email.com,https://robohash.org/dolorquisqui.png?size=300x300&set=set1,Non-binary,1980-01-08
